-1,-5,NWs7K0d/GoJwO6+S7EkEuhH1l6o=,te2JtqXaA5hz7vLgAIsl6RJ+pZ8=
-1,-1,KhJ8oyJ6dwB1SMs0SXbMRVkme5A=,Pgt+XyQ+o5gyH9HVwI2tZxaMq3o=
-1,-2,KhJ8oyJ6dwB1SMs0SXbMRVkme5A=,25TLMRTz0/uW4xNBfaiT/0iUzq8=
-1,-3,HhMOiipHOzAb2lMXvpWOtFc5JMk=,nNo51GGHOosPZsIeqov7T2hGTc8=
-1,-4,KhJ8oyJ6dwB1SMs0SXbMRVkme5A=,mWW9jvTdA9sRs3MwqZ2cd6bvlPM=
-2,-2,qMtlPqFMkN8/lm+1PcvaisHw+m0=,SzaAvgQ3Ev9iTcett7ey06CmD2Q=
-2,-1,BMbqmwJ1jpdl+GsN39xIihrXxZ8=,xGT8Y5byDUIhZkYkQbBI2rlN3sk=
-2,-3,BMbqmwJ1jpdl+GsN39xIihrXxZ8=,Ujy9OXsbVUgmtMj5o/PflrgCoKQ=
-3,-3,UpzQjWPDfCR4Rwt55NRBNZm+oXQ=,zNozAdXm37GrEREF/9UIczbAo1s=
-3,-1,UpzQjWPDfCR4Rwt55NRBNZm+oXQ=,sFnwvntdp5WrXhrY60EZa5B/EwI=
-3,-2,xH5VQ6YlGgb6RsTmboMoIjyg7w0=,eR5naipB4xVE9UhkYES1VH7DC6Q=
-4,-3,xH5VQ6YlGgb6RsTmboMoIjyg7w0=,jpdcOrNHFpioMFGwyRdoiRsUzw4=
-4,-2,xH5VQ6YlGgb6RsTmboMoIjyg7w0=,jpdcOrNHFpioMFGwyRdoiRsUzw4=
-4,-1,xH5VQ6YlGgb6RsTmboMoIjyg7w0=,jpdcOrNHFpioMFGwyRdoiRsUzw4=
-5,-1,xH5VQ6YlGgb6RsTmboMoIjyg7w0=,2HxiW/B+m+TW/HJToh0S0rTtQ2s=
-5,-2,xH5VQ6YlGgb6RsTmboMoIjyg7w0=,mFKSd1NY3ayOUOSbUygS5ncQlIg=
-6,-2,xH5VQ6YlGgb6RsTmboMoIjyg7w0=,mFKSd1NY3ayOUOSbUygS5ncQlIg=
-7,-1,LZk1CF4znuyxuNP1WI9hBmZQuVk=,QmI/+UcSWE8XH8GwCfQ8ZWWNcBI=
-8,-2,MH3I2hm1EwVBB367nXC+evXoKWI=,Wv+47RvTtO7wvurVrqNM7Rby5pk=
-9,-2,MH3I2hm1EwVBB367nXC+evXoKWI=,vY5DZlMccoT9vWI07IJOzJ8u5Po=
-9,-5,Prvq5y01R6LpAygos8rPprgcRVI=,dBM1QHU3Tmu+qIjcsr9DLtpieEU=
-10,-1,mqGpFMOXhpV0zkr3NSju7IMqBoM=,nbvZY1QRC4/7MzGFVg/RJCwpQHc=
-11,-1,mqGpFMOXhpV0zkr3NSju7IMqBoM=,SC/FVARkUO9NezIbfZVOJ1041EE=
