-110,-2,oovnUV9L3HN9aZZwF7vqHqiV74Q=,8NPq8YOjgKSNW0KpVt5nl1Toqx8=
-109,-2,oovnUV9L3HN9aZZwF7vqHqiV74Q=,8NPq8YOjgKSNW0KpVt5nl1Toqx8=
-109,-1,oovnUV9L3HN9aZZwF7vqHqiV74Q=,8NPq8YOjgKSNW0KpVt5nl1Toqx8=
-110,-1,oovnUV9L3HN9aZZwF7vqHqiV74Q=,8NPq8YOjgKSNW0KpVt5nl1Toqx8=
-110,-16,oovnUV9L3HN9aZZwF7vqHqiV74Q=,roVYKM5qleY9qHggwXeU2JsaCH4=
-109,-15,oovnUV9L3HN9aZZwF7vqHqiV74Q=,roVYKM5qleY9qHggwXeU2JsaCH4=
-110,-15,oovnUV9L3HN9aZZwF7vqHqiV74Q=,roVYKM5qleY9qHggwXeU2JsaCH4=
-109,-16,oovnUV9L3HN9aZZwF7vqHqiV74Q=,roVYKM5qleY9qHggwXeU2JsaCH4=
-128,-23,AmFql/jOOsHRvvJvfaycW4tlrqM=,OVZxabuhllcsKLwVwU5NJLV5pGI=
-127,-23,AmFql/jOOsHRvvJvfaycW4tlrqM=,OVZxabuhllcsKLwVwU5NJLV5pGI=
-127,-24,AmFql/jOOsHRvvJvfaycW4tlrqM=,OVZxabuhllcsKLwVwU5NJLV5pGI=
-127,-25,AmFql/jOOsHRvvJvfaycW4tlrqM=,HEC7uWjk6V7eutDLXp3axD+ovnc=
-127,-26,AmFql/jOOsHRvvJvfaycW4tlrqM=,HEC7uWjk6V7eutDLXp3axD+ovnc=
-128,-26,AmFql/jOOsHRvvJvfaycW4tlrqM=,HEC7uWjk6V7eutDLXp3axD+ovnc=
-128,-24,AmFql/jOOsHRvvJvfaycW4tlrqM=,OVZxabuhllcsKLwVwU5NJLV5pGI=
-128,-25,AmFql/jOOsHRvvJvfaycW4tlrqM=,HEC7uWjk6V7eutDLXp3axD+ovnc=
