48,-80,oovnUV9L3HN9aZZwF7vqHqiV74Q=,jN2yyXG7QV+HtzvB7CzZYduAUfw=
48,-77,oovnUV9L3HN9aZZwF7vqHqiV74Q=,8mh/Mg9uoQgLmEkdmwCq6L4FFGU=
49,-77,oovnUV9L3HN9aZZwF7vqHqiV74Q=,8mh/Mg9uoQgLmEkdmwCq6L4FFGU=
49,-80,oovnUV9L3HN9aZZwF7vqHqiV74Q=,jN2yyXG7QV+HtzvB7CzZYduAUfw=
48,-78,oovnUV9L3HN9aZZwF7vqHqiV74Q=,8mh/Mg9uoQgLmEkdmwCq6L4FFGU=
48,-79,oovnUV9L3HN9aZZwF7vqHqiV74Q=,jN2yyXG7QV+HtzvB7CzZYduAUfw=
49,-78,oovnUV9L3HN9aZZwF7vqHqiV74Q=,8mh/Mg9uoQgLmEkdmwCq6L4FFGU=
49,-79,oovnUV9L3HN9aZZwF7vqHqiV74Q=,jN2yyXG7QV+HtzvB7CzZYduAUfw=
51,-81,f9pg7YOqIUa4A1D+9Xk0/rhS1Ag=,JkY/+Cjhf/tAKyVPXhfNG0tXivs=
51,-82,f9pg7YOqIUa4A1D+9Xk0/rhS1Ag=,JkY/+Cjhf/tAKyVPXhfNG0tXivs=
51,-83,f9pg7YOqIUa4A1D+9Xk0/rhS1Ag=,HhP37bWPhQWjmsiP+h2RMVDV8ok=
51,-84,f9pg7YOqIUa4A1D+9Xk0/rhS1Ag=,HhP37bWPhQWjmsiP+h2RMVDV8ok=
50,-81,f9pg7YOqIUa4A1D+9Xk0/rhS1Ag=,JkY/+Cjhf/tAKyVPXhfNG0tXivs=
48,-81,f9pg7YOqIUa4A1D+9Xk0/rhS1Ag=,+0s1oVr1vGorqiVciBvi6HJhOJw=
48,-84,f9pg7YOqIUa4A1D+9Xk0/rhS1Ag=,Dv248OdvzFHMwN8z9nSpl9bejWc=
49,-81,f9pg7YOqIUa4A1D+9Xk0/rhS1Ag=,+0s1oVr1vGorqiVciBvi6HJhOJw=
48,-82,f9pg7YOqIUa4A1D+9Xk0/rhS1Ag=,+0s1oVr1vGorqiVciBvi6HJhOJw=
50,-84,f9pg7YOqIUa4A1D+9Xk0/rhS1Ag=,HhP37bWPhQWjmsiP+h2RMVDV8ok=
50,-82,f9pg7YOqIUa4A1D+9Xk0/rhS1Ag=,JkY/+Cjhf/tAKyVPXhfNG0tXivs=
50,-83,f9pg7YOqIUa4A1D+9Xk0/rhS1Ag=,HhP37bWPhQWjmsiP+h2RMVDV8ok=
48,-83,f9pg7YOqIUa4A1D+9Xk0/rhS1Ag=,Dv248OdvzFHMwN8z9nSpl9bejWc=
49,-82,f9pg7YOqIUa4A1D+9Xk0/rhS1Ag=,+0s1oVr1vGorqiVciBvi6HJhOJw=
49,-83,f9pg7YOqIUa4A1D+9Xk0/rhS1Ag=,Dv248OdvzFHMwN8z9nSpl9bejWc=
49,-84,f9pg7YOqIUa4A1D+9Xk0/rhS1Ag=,Dv248OdvzFHMwN8z9nSpl9bejWc=
