46,-1,kfkTY1vsm/1v5fURF7eZjWrdhOY=,Vb/109WnfbmxGQOPfD2uE635zr8=
46,-6,kfkTY1vsm/1v5fURF7eZjWrdhOY=,tdxlCmB1OMWcApZqU3BnkjdpXV0=
46,-4,kfkTY1vsm/1v5fURF7eZjWrdhOY=,ho2XuB2adBK4rEfLVi6kyMr/B60=
46,-2,kfkTY1vsm/1v5fURF7eZjWrdhOY=,czmBFONm2judo+H8yWhp+XkFLkM=
46,-5,kfkTY1vsm/1v5fURF7eZjWrdhOY=,P/RGYxh9vBGjA+vjZy8Vet4t9DM=
46,-3,kfkTY1vsm/1v5fURF7eZjWrdhOY=,bXe6bQSTrpuW2cPmPj3ySbFFHOU=
45,-3,kfkTY1vsm/1v5fURF7eZjWrdhOY=,HRvCFaViTg/a4/uUpg5KFgF/Bv0=
45,-4,kfkTY1vsm/1v5fURF7eZjWrdhOY=,tNxJ6c26mUdRZnUM3nPzfB4Waj0=
45,-6,kfkTY1vsm/1v5fURF7eZjWrdhOY=,tdxlCmB1OMWcApZqU3BnkjdpXV0=
45,-1,kfkTY1vsm/1v5fURF7eZjWrdhOY=,/MWCZAU8T30bwEV4IYNCEDzFDCY=
45,-2,kfkTY1vsm/1v5fURF7eZjWrdhOY=,drNF7Fcdt1i9HHurV7SWgh3cOxM=
44,-2,nJwqCHQ8yqIKyS8yOoSgzAXQNI4=,JzfpcGaJwdNV3sPhULGSdv5pex0=
44,-5,nJwqCHQ8yqIKyS8yOoSgzAXQNI4=,vk5XlWSJWkYf0rCTshStfXQtilY=
45,-5,nJwqCHQ8yqIKyS8yOoSgzAXQNI4=,+vkqEQgY/u3TEPw8OHmSm9VDDls=
44,-1,nJwqCHQ8yqIKyS8yOoSgzAXQNI4=,kZiohnXDyHvksuUswq1GdSENQIw=
43,-2,nJwqCHQ8yqIKyS8yOoSgzAXQNI4=,Huwrq3CW6i2JMhoxuYsM+UmkK38=
43,-1,nJwqCHQ8yqIKyS8yOoSgzAXQNI4=,FIyiz/MzfDNDyZS49aB5bnkSfN4=
42,-2,nJwqCHQ8yqIKyS8yOoSgzAXQNI4=,yOL3VPHrF47YpDbEwcLrwddzqt8=
42,-1,nJwqCHQ8yqIKyS8yOoSgzAXQNI4=,NAaQEGknMMt7GMKDF6uuu18x3Pg=
41,-1,5+F2PQgdFgAt8HPzaVP8eFEsqyU=,FjMkJs6Ss/ofGGNmaXYpuuD35n4=
38,-1,5+F2PQgdFgAt8HPzaVP8eFEsqyU=,F3K9376ja0uW5+/XXh5nd/yjXa0=
40,-1,5+F2PQgdFgAt8HPzaVP8eFEsqyU=,v01tpS4rTG3G5hh+0cwjAVeLb4s=
39,-1,5+F2PQgdFgAt8HPzaVP8eFEsqyU=,F3K9376ja0uW5+/XXh5nd/yjXa0=
